{"accuracy": 0.7532467532467533, "precision": 0.660377358490566, "recall": 0.6363636363636364, "f1_score": 0.6481481481481481}