{"accuracy": 0.8975609756097561, "precision": 0.8942307692307693, "recall": 0.9029126213592233, "f1_score": 0.8985507246376812}